Name	Category	Type	Sub Type	Damage	Tonnage	Heat
Weapon_LRM_LRM15_1-Telos+ 1 Dmg.	Missile	LRM	LRM15	5.0	7.0	14.0
Weapon_Autocannon_AC10_1-Kali_Yama+ 5 Dmg.	Ballistic	Autocannon	AC10	65.0	12.0	12.0
Weapon_Autocannon_AC10_1-Defiance+ 2 Acc.	Ballistic	Autocannon	AC10	60.0	12.0	12.0
Weapon_Laser_LargeLaser_3-Magna+ 10 Dmg.+ 3 Acc.	Energy	Laser	LargeLaser	50.0	5.0	18.0
Weapon_Flamer_Flamer_SPECIAL-Victoria* 40 Ammo	AntiPersonnel	Flamer	Flamer	5.0	1.0	0.0
Weapon_SRM_SRM4_2-Irian+ 50% Crit.	Missile	SRM	SRM4	8.0	2.0	8.0
Weapon_SRM_SRM6_0-STOCK	Missile	SRM	SRM6	8.0	3.0	12.0
Weapon_LRM_LRM10_2-Telos+ 2 Dmg.	Missile	LRM	LRM10	6.0	5.0	10.0
Weapon_Autocannon_AC10_1-Mydron+ 10 Stb.Dmg.	Ballistic	Autocannon	AC10	60.0	12.0	12.0
Weapon_PPC_PPC_1-Donal+ 5 Dmg.	Energy	PPC	PPC	55.0	7.0	35.0
Weapon_SRM_SRM6_1-Irian+ 25% Crit.	Missile	SRM	SRM6	8.0	3.0	12.0
Weapon_Autocannon_AC20_SPECIAL-Victoria	Ballistic	Autocannon	AC20	100.0	14.0	24.0
Weapon_Laser_LargeLaserPulse_2-Exostar+ 10 Dmg.- 1 Ton	Energy	Laser	LargeLaserPulse	65.0	6.0	30.0
Weapon_Flamer_Flamer_2-Olympus* 4 Ammo+ 5 Dmg. (H)	AntiPersonnel	Flamer	Flamer	5.0	1.0	0.0
Weapon_Autocannon_AC2_1-Defiance+ 2 Acc.	Ballistic	Autocannon	AC2	25.0	6.0	4.0
Weapon_Autocannon_AC5_2-Kali_Yama+ 10 Dmg.	Ballistic	Autocannon	AC5	55.0	8.0	8.0
Weapon_Laser_MediumLaserER_2-BrightBloom+ 10 Dmg.	Energy	Laser	MediumLaserER	45.0	1.0	20.0
Weapon_Autocannon_AC20_3-Kali_Yama+ 20 Dmg.+ 20 Stb.Dmg.	Ballistic	Autocannon	AC20	120.0	14.0	24.0
Weapon_PPC_PPCER_2-TiegartMagnum+ 10 Dmg.- 1 Ton	Energy	PPC	PPCER	70.0	6.0	45.0
Weapon_Autocannon_AC5_2-Defiance+ 4 Acc.	Ballistic	Autocannon	AC5	45.0	8.0	8.0
Weapon_LRM_LRM10_2-LongFire+ 50% Crit.	Missile	LRM	LRM10	4.0	5.0	10.0
Weapon_Autocannon_AC2_2-Imperator+ 2 Acc.+ 25% Crit.	Ballistic	Autocannon	AC2	25.0	6.0	4.0
Weapon_LRM_LRM5_2-LongFire+ 50% Crit.	Missile	LRM	LRM5	4.0	2.0	6.0
Weapon_Gauss_Gauss_2-M9- 2 Tons- 1 Slot	Ballistic	Gauss	Gauss	75.0	13.0	5.0
Weapon_MachineGun_MachineGun_1-VMI+ 25% Crit.	AntiPersonnel	MachineGun	MachineGun	3.0	0.5	0.0
Weapon_Laser_LargeLaser_1-Intek+ 5 Dmg.	Energy	Laser	LargeLaser	45.0	5.0	18.0
Weapon_Autocannon_AC2_3-Imperator+ 4 Acc.+ 50% Crit.	Ballistic	Autocannon	AC2	25.0	6.0	4.0
Weapon_Autocannon_AC2_1-Federated+ 25% Crit.	Ballistic	Autocannon	AC2	25.0	6.0	4.0
Weapon_Laser_MediumLaser_3-Diverse_Optics+ 3 Acc.+ 50% Crit.	Energy	Laser	MediumLaser	25.0	1.0	12.0
Weapon_Autocannon_AC2_2-Defiance+ 4 Acc.	Ballistic	Autocannon	AC2	25.0	6.0	4.0
Weapon_LRM_LRM5_1-LongFire+ 25% Crit.	Missile	LRM	LRM5	4.0	2.0	6.0
Weapon_LRM_LRM10_1-LongFire+ 25% Crit.	Missile	LRM	LRM10	4.0	5.0	10.0
Weapon_Autocannon_AC5_1-Defiance+ 2 Acc.	Ballistic	Autocannon	AC5	45.0	8.0	8.0
Weapon_Autocannon_AC20_2-Kali_Yama+ 10 Dmg.+ 10 Stb.Dmg.	Ballistic	Autocannon	AC20	110.0	14.0	24.0
Weapon_SRM_SRM2_2-Irian+ 50% Crit.	Missile	SRM	SRM2	8.0	1.0	4.0
Weapon_Laser_MediumLaser_2-Diverse_Optics+ 1 Acc.+ 25% Crit.	Energy	Laser	MediumLaser	25.0	1.0	12.0
Weapon_LRM_LRM5_1-Telos+ 1 Dmg.	Missile	LRM	LRM5	5.0	2.0	6.0
Weapon_Autocannon_AC10_2-Defiance+ 4 Acc.	Ballistic	Autocannon	AC10	60.0	12.0	12.0
Weapon_PPC_PPC_1-Tiegart+ 2 Acc.	Energy	PPC	PPC	50.0	7.0	35.0
Weapon_Laser_SmallLaserER_0-STOCK	AntiPersonnel	Laser	SmallLaserER	30.0	0.5	10.0
Weapon_MachineGun_MachineGun_0-STOCK	AntiPersonnel	MachineGun	MachineGun	3.0	0.5	0.0
Weapon_Laser_MediumLaser_2-ExoStar+ 50% Crit.	Energy	Laser	MediumLaser	25.0	1.0	12.0
Weapon_Laser_MediumLaserPulse_0-STOCK	Energy	Laser	MediumLaserPulse	40.0	2.0	20.0
Weapon_MachineGun_MachineGun_1-Brigadier+ 5 Shots	AntiPersonnel	MachineGun	MachineGun	3.0	0.5	0.0
Weapon_LRM_LRM20_3-Zeus+ 50% Crit.+ 2 Stb.Dmg.	Missile	LRM	LRM20	4.0	10.0	18.0
Weapon_LRM_LRM20_2-Telos+ 2 Dmg.	Missile	LRM	LRM20	6.0	10.0	18.0
Weapon_Autocannon_AC20_2-Mydron+ 20 Stb.Dmg.	Ballistic	Autocannon	AC20	100.0	14.0	24.0
Weapon_Laser_LargeLaserPulse_0-STOCK	Energy	Laser	LargeLaserPulse	55.0	7.0	30.0
Weapon_Laser_MediumLaser_2-Magna+ 10 Dmg.	Energy	Laser	MediumLaser	35.0	1.0	12.0
Weapon_LRM_LRM5_2-Delta+ 2 Stb.Dmg.	Missile	LRM	LRM5	4.0	2.0	6.0
Weapon_Laser_SmallLaserER_2-BlazeFire+ 10 Dmg.	AntiPersonnel	Laser	SmallLaserER	40.0	0.5	10.0
Weapon_Laser_LargeLaser_2-ExoStar+ 50% Crit.	Energy	Laser	LargeLaser	40.0	5.0	18.0
Weapon_Autocannon_AC20_1-Mydron+ 10 Stb.Dmg.	Ballistic	Autocannon	AC20	100.0	14.0	24.0
Weapon_LRM_LRM5_0-STOCK	Missile	LRM	LRM5	4.0	2.0	6.0
Weapon_LRM_LRM20_1-Delta+ 1 Stb.Dmg.	Missile	LRM	LRM20	4.0	10.0	18.0
Weapon_Autocannon_AC10_2-Kali_Yama+ 10 Dmg.	Ballistic	Autocannon	AC10	70.0	12.0	12.0
Weapon_Laser_SmallLaser_0-STOCK	AntiPersonnel	Laser	SmallLaser	20.0	0.5	6.0
Weapon_Laser_MediumLaser_2-Intek+3 Acc.	Energy	Laser	MediumLaser	25.0	1.0	12.0
Weapon_Laser_SmallLaserER_1-Diverse_Optics+ 5 Dmg.	AntiPersonnel	Laser	SmallLaserER	35.0	0.5	10.0
Weapon_Laser_LargeLaser_0-STOCK	Energy	Laser	LargeLaser	40.0	5.0	18.0
Weapon_PPC_PPC_0-STOCK	Energy	PPC	PPC	50.0	7.0	35.0
Weapon_SRM_SRM4_1-Holly+ 2 Dmg.	Missile	SRM	SRM4	10.0	2.0	8.0
Weapon_Laser_SmallLaser_1-Magna+ 5 Dmg.	AntiPersonnel	Laser	SmallLaser	25.0	0.5	6.0
Weapon_Flamer_Flamer_1-Hotshot* 4 Ammo+ 5 Dmg.	AntiPersonnel	Flamer	Flamer	10.0	1.0	0.0
Weapon_Autocannon_AC5_1-Kali_Yama+ 5 Dmg.	Ballistic	Autocannon	AC5	50.0	8.0	8.0
Weapon_SRM_SRM6_2-Holly+ 4 Dmg.	Missile	SRM	SRM6	12.0	3.0	12.0
Weapon_Autocannon_AC5_3-Mydron+ 4 Acc.+ 20 Stb.Dmg.	Ballistic	Autocannon	AC5	45.0	8.0	8.0
Weapon_Laser_MediumLaserPulse_1-RakerIV- 2 Heat	Energy	Laser	MediumLaserPulse	45.0	2.0	18.0
Weapon_Laser_MediumLaserER_1-MagnaVI+ 5 Dmg.	Energy	Laser	MediumLaserER	40.0	1.0	20.0
Weapon_PPC_PPC_2-Ceres_Arms+ 30 Stb.Dmg.	Energy	PPC	PPC	50.0	7.0	35.0
Weapon_Autocannon_AC2_2-Federated+ 50% Crit.	Ballistic	Autocannon	AC2	25.0	6.0	4.0
Weapon_Laser_SmallLaser_3-Intek+ 10 Dmg.+ 50% Crit.	AntiPersonnel	Laser	SmallLaser	30.0	0.5	6.0
Weapon_Autocannon_AC2_0-STOCK	Ballistic	Autocannon	AC2	25.0	6.0	4.0
Weapon_LRM_LRM15_2-Delta+ 2 Stb.Dmg.	Missile	LRM	LRM15	4.0	7.0	14.0
Weapon_DFAAttack	Melee	Melee	DFA	100.0	0.0	0.0
Weapon_Autocannon_AC5_0-STOCK	Ballistic	Autocannon	AC5	45.0	8.0	8.0
Weapon_Laser_SmallLaser_1-ExoStar+ 25% Crit.	AntiPersonnel	Laser	SmallLaser	20.0	0.5	6.0
Weapon_MachineGun_MachineGun_2-Brigadier+ 5 Shots- 0.5 Ton	AntiPersonnel	MachineGun	MachineGun	3.0	0.0	0.0
Weapon_Autocannon_AC10_2-Mydron+ 20 Stb.Dmg.	Ballistic	Autocannon	AC10	60.0	12.0	12.0
Weapon_LRM_LRM10_1-Delta+ 1 Stb.Dmg.	Missile	LRM	LRM10	4.0	5.0	10.0
Weapon_LRM_LRM15_0-STOCK	Missile	LRM	LRM15	4.0	7.0	14.0
Weapon_SRM_SRM2_1-Holly+ 2 Dmg.	Missile	SRM	SRM2	10.0	1.0	4.0
Weapon_Laser_LargeLaserPulse_1-Thunderbolt12+ 5 Dmg.- 1 Ton	Energy	Laser	LargeLaserPulse	60.0	6.0	30.0
Weapon_LRM_LRM20_2-Zeus+ 25% Crit.+ 1 Stb.Dmg.	Missile	LRM	LRM20	4.0	10.0	18.0
Weapon_SRM_SRM6_2-Valiant+ 2 Dmg.+ 1 Stb.Dmg.	Missile	SRM	SRM6	10.0	3.0	12.0
Weapon_LRM_LRM15_2-Zeus+ 25% Crit.+ 1 Stb.Dmg.	Missile	LRM	LRM15	4.0	7.0	14.0
Weapon_Autocannon_AC20_1-Imperator+ 10 Dmg.	Ballistic	Autocannon	AC20	110.0	14.0	24.0
Weapon_Autocannon_AC5_2-Federated+ 50% Crit.	Ballistic	Autocannon	AC5	45.0	8.0	8.0
Weapon_Laser_LargeLaserER_2-BlazeFire+ 5 Dmg.- 1 Ton	Energy	Laser	LargeLaserER	50.0	4.0	25.0
Weapon_Laser_LargeLaser_2-Diverse_Optics+ 3 Acc.	Energy	Laser	LargeLaser	40.0	5.0	18.0
Weapon_Laser_LargeLaser_1-ExoStar+ 25% Crit.	Energy	Laser	LargeLaser	40.0	5.0	18.0
Weapon_SRM_SRM2_2-Holly+ 4 Dmg.	Missile	SRM	SRM2	12.0	1.0	4.0
Weapon_Gauss_Gauss_1-M7- 2 Tons	Ballistic	Gauss	Gauss	75.0	13.0	5.0
Weapon_LRM_LRM5_2-Zeus+ 25% Crit.+ 1 Stb.Dmg.	Missile	LRM	LRM5	4.0	2.0	6.0
Weapon_MachineGun_MachineGun_2-VMI+ 50% Crit.- 0.5 Ton	AntiPersonnel	MachineGun	MachineGun	3.0	0.0	0.0
Weapon_LRM_LRM10_2-Delta+ 2 Stb.Dmg.	Missile	LRM	LRM10	4.0	5.0	10.0
Weapon_Laser_LargeLaser_1-Diverse_Optics+ 1 Acc.	Energy	Laser	LargeLaser	40.0	5.0	18.0
Weapon_LRM_LRM15_1-Delta+ 1 Stb.Dmg.	Missile	LRM	LRM15	4.0	7.0	14.0
Weapon_LRM_LRM10_0-STOCK	Missile	LRM	LRM10	4.0	5.0	10.0
Weapon_Laser_LargeLaser_2-Magna+ 5 Dmg.+ 1 Acc.	Energy	Laser	LargeLaser	45.0	5.0	18.0
Weapon_Autocannon_AC2_1-Mydron+ 10 Stb.Dmg.	Ballistic	Autocannon	AC2	25.0	6.0	4.0
Weapon_LRM_LRM20_2-Delta+ 2 Stb.Dmg.	Missile	LRM	LRM20	4.0	10.0	18.0
Weapon_SRM_SRM6_3-Valiant+ 4 Dmg.+ 2 Stb.Dmg.	Missile	SRM	SRM6	12.0	3.0	12.0
Weapon_PPC_PPCER_0-STOCK	Energy	PPC	PPCER	60.0	7.0	45.0
Weapon_Autocannon_AC10_2-Imperator+ 50% Crit.	Ballistic	Autocannon	AC10	60.0	12.0	12.0
Weapon_LRM_LRM20_0-STOCK	Missile	LRM	LRM20	4.0	10.0	18.0
Weapon_LRM_LRM5_1-Delta+ 1 Stb.Dmg.	Missile	LRM	LRM5	4.0	2.0	6.0
Weapon_SRM_SRM6_1-Holly+ 2 Dmg.	Missile	SRM	SRM6	10.0	3.0	12.0
Weapon_LRM_LRM10_2-Zeus+ 25% Crit.+ 1 Stb.Dmg.	Missile	LRM	LRM10	4.0	5.0	10.0
Weapon_Laser_AI_Imaginary	Energy	Laser	AIImaginary	25.0	0.0	8.0
Weapon_Autocannon_AC2_1-Kali_Yama+ 5 Dmg.	Ballistic	Autocannon	AC2	30.0	6.0	4.0
Weapon_Laser_SmallLaserPulse_2-Magna200P+ 10 Dmg.- 2 Heat	AntiPersonnel	Laser	SmallLaserPulse	45.0	1.0	10.0
Weapon_SRM_SRM4_2-Holly+ 4 Dmg.	Missile	SRM	SRM4	12.0	2.0	8.0
Weapon_Laser_SmallLaserPulse_0-STOCK	AntiPersonnel	Laser	SmallLaserPulse	35.0	1.0	12.0
Weapon_Laser_SmallLaser_2-Magna+ 10 Dmg.	AntiPersonnel	Laser	SmallLaser	30.0	0.5	6.0
Weapon_Autocannon_AC20_2-Federated+ 50% Crit.	Ballistic	Autocannon	AC20	100.0	14.0	24.0
Weapon_Autocannon_AC5_1-Imperator+ 10 Stb.Dmg.	Ballistic	Autocannon	AC5	45.0	8.0	8.0
Weapon_Laser_LargeLaserER_1-Blankenburg25+ 5 Dmg.	Energy	Laser	LargeLaserER	50.0	5.0	25.0
Weapon_Laser_MediumLaser_1-Intek+1 Acc.	Energy	Laser	MediumLaser	25.0	1.0	12.0
Weapon_Laser_SmallLaser_2-ExoStar+ 50% Crit.	AntiPersonnel	Laser	SmallLaser	20.0	0.5	6.0
Weapon_Laser_MediumLaserER_0-STOCK	Energy	Laser	MediumLaserER	35.0	1.0	20.0
Weapon_SRM_SRM2_1-Irian+ 25% Crit.	Missile	SRM	SRM2	8.0	1.0	4.0
Weapon_LRM_LRM15_3-Zeus+ 50% Crit.+ 2 Stb.Dmg.	Missile	LRM	LRM15	4.0	7.0	14.0
Weapon_Laser_SmallLaser_2-Diverse_Optics+ 3 Acc.	AntiPersonnel	Laser	SmallLaser	20.0	0.5	6.0
Weapon_Autocannon_AC20_0-STOCK	Ballistic	Autocannon	AC20	100.0	14.0	24.0
Weapon_SRM_SRM2_0-STOCK	Missile	SRM	SRM2	8.0	1.0	4.0
Weapon_PPC_PPC_1-Ceres_Arms+ 15 Stb.Dmg.	Energy	PPC	PPC	50.0	7.0	35.0
Weapon_Laser_MediumLaser_0-STOCK	Energy	Laser	MediumLaser	25.0	1.0	12.0
Weapon_LRM_LRM20_2-LongFire+ 50% Crit.	Missile	LRM	LRM20	4.0	10.0	18.0
Weapon_Autocannon_AC20_2-Imperator+ 20 Dmg.	Ballistic	Autocannon	AC20	120.0	14.0	24.0
Weapon_Autocannon_AC5_1-Federated+ 25% Crit.	Ballistic	Autocannon	AC5	45.0	8.0	8.0
Weapon_Laser_LargeLaserER_0-STOCK	Energy	Laser	LargeLaserER	45.0	5.0	25.0
Weapon_Laser_LargeLaser_2-Intek+ 10 Dmg.	Energy	Laser	LargeLaser	50.0	5.0	18.0
Weapon_Gauss_Gauss_0-STOCK	Ballistic	Gauss	Gauss	75.0	15.0	5.0
Weapon_Autocannon_AC20_1-Defiance+ 2 Acc.	Ballistic	Autocannon	AC20	100.0	14.0	24.0
Weapon_Laser_MediumLaser_1-Magna+ 5 Dmg.	Energy	Laser	MediumLaser	30.0	1.0	12.0
Weapon_Laser_SmallLaser_2-Intek+ 5 Dmg.+ 25% Crit.	AntiPersonnel	Laser	SmallLaser	25.0	0.5	6.0
Weapon_LRM_LRM5_3-Zeus+ 50% Crit.+ 2 Stb.Dmg.	Missile	LRM	LRM5	4.0	2.0	6.0
Weapon_LRM_LRM20_1-Telos+ 1 Dmg.	Missile	LRM	LRM20	5.0	10.0	18.0
Weapon_MeleeAttack	Melee	Melee	Melee	100.0	0.0	0.0
Weapon_SRM_SRM2_2-Valiant+ 2 Dmg.+ 1 Stb.Dmg.	Missile	SRM	SRM2	10.0	1.0	4.0
Weapon_LRM_LRM5_2-Telos+ 2 Dmg.	Missile	LRM	LRM5	6.0	2.0	6.0
Weapon_Autocannon_AC2_2-Mydron+ 20 Stb.Dmg.	Ballistic	Autocannon	AC2	25.0	6.0	4.0
Weapon_Autocannon_AC10_2-Federated+ 25% Crit.+ 10 Stb.Dmg.	Ballistic	Autocannon	AC10	60.0	12.0	12.0
Weapon_LRM_LRM15_1-LongFire+ 25% Crit.	Missile	LRM	LRM15	4.0	7.0	14.0
Weapon_SRM_SRM4_3-Valiant+ 4 Dmg.+ 2 Stb.Dmg.	Missile	SRM	SRM4	12.0	2.0	8.0
Weapon_Laser_SmallLaser_1-Diverse_Optics+ 1 Acc.	AntiPersonnel	Laser	SmallLaser	20.0	0.5	6.0
Weapon_Autocannon_AC20_2-Defiance+ 4 Acc.	Ballistic	Autocannon	AC20	100.0	14.0	24.0
Weapon_SRM_SRM6_2-Irian+ 50% Crit.	Missile	SRM	SRM6	8.0	3.0	12.0
Weapon_Autocannon_AC5_2-Mydron+ 2 Acc.+ 10 Stb.Dmg.	Ballistic	Autocannon	AC5	45.0	8.0	8.0
Weapon_LRM_LRM10_1-Telos+ 1 Dmg.	Missile	LRM	LRM10	5.0	5.0	10.0
Weapon_Autocannon_AC10_1-Imperator+ 25% Crit.	Ballistic	Autocannon	AC10	60.0	12.0	12.0
Weapon_Autocannon_AC10_3-Federated+ 50% Crit.+ 20 Stb.Dmg.	Ballistic	Autocannon	AC10	60.0	12.0	12.0
Weapon_PPC_PPC_2-Donal+ 10 Dmg.	Energy	PPC	PPC	60.0	7.0	35.0
Weapon_SRM_SRM4_1-Irian+ 25% Crit.	Missile	SRM	SRM4	8.0	2.0	8.0
Weapon_LRM_LRM15_2-Telos+ 2 Dmg.	Missile	LRM	LRM15	6.0	7.0	14.0
Weapon_PPC_PPCER_1-MagnaFirestar+ 5 Dmg.- 1 Ton	Energy	PPC	PPCER	65.0	6.0	45.0
Weapon_LRM_LRM15_2-LongFire+ 50% Crit.	Missile	LRM	LRM15	4.0	7.0	14.0
Weapon_SRM_SRM4_0-STOCK	Missile	SRM	SRM4	8.0	2.0	8.0
Weapon_Autocannon_AC20_1-Federated+ 25% Crit.	Ballistic	Autocannon	AC20	100.0	14.0	24.0
Weapon_Autocannon_AC5_2-Imperator+ 20 Stb.Dmg.	Ballistic	Autocannon	AC5	45.0	8.0	8.0
Weapon_Flamer_Flamer_0-STOCK* 4 Ammo	AntiPersonnel	Flamer	Flamer	5.0	1.0	0.0
Weapon_SRM_SRM4_2-Valiant+ 2 Dmg.+ 1 Stb.Dmg.	Missile	SRM	SRM4	10.0	2.0	8.0
Weapon_LRM_LRM10_3-Zeus+ 50% Crit.+ 2 Stb.Dmg.	Missile	LRM	LRM10	4.0	5.0	10.0
Weapon_SRM_SRM2_3-Valiant+ 4 Dmg.+ 2 Stb.Dmg.	Missile	SRM	SRM2	12.0	1.0	4.0
Weapon_Autocannon_AC10_0-STOCK	Ballistic	Autocannon	AC10	60.0	12.0	12.0
Weapon_LRM_LRM20_1-LongFire+ 25% Crit.	Missile	LRM	LRM20	4.0	10.0	18.0
Weapon_Laser_MediumLaserPulse_2-Magna400P- 4 Heat+ 1 Acc.	Energy	Laser	MediumLaserPulse	50.0	2.0	16.0
Weapon_Laser_MediumLaser_1-ExoStar+ 25% Crit.	Energy	Laser	MediumLaser	25.0	1.0	12.0
Weapon_Laser_SmallLaserPulse_1-Maxell+ 5 Dmg.- 1 Heat	AntiPersonnel	Laser	SmallLaserPulse	40.0	1.0	11.0
Weapon_PPC_PPC_2-Tiegart+ 4 Acc.	Energy	PPC	PPC	50.0	7.0	35.0
Weapon_Autocannon_AC2_2-Kali_Yama+ 10 Dmg.	Ballistic	Autocannon	AC2	35.0	6.0	4.0
Weapon_MML-9	Missile	LRM	LRM20	6.0	6.0	15.0
Weapon_Thunderbolt_10	Missile	LRM	LRM5	65.0	8.0	15.0
Weapon_LRM_ATM3	Missile	LRM	LRM5	12.0	1.5	10.0
Weapon_LRM_LRM5_Clantech	Missile	LRM	LRM5	4.0	1.0	6.0
Weapon_Laser_HeavyMediumLaser_CLAN_IMPROVED	Energy	Laser	MediumLaserER	50.0	1.0	30.0
Weapon_ATM_IATM9_0-STOCK	Missile	LRM	LRM15	14.0	5.0	20.0
Weapon_Laser_HeavyLargeLaser_CLAN_IMPROVED	Energy	Laser	LargeLaserER	75.0	4.0	35.0
Weapon_MRM_30	Missile	LRM	LRM15	4.0	10.0	15.0
Weapon_MRM_10	Missile	LRM	LRM5	4.0	3.0	6.0
Weapon_MML-5	Missile	LRM	LRM10	6.0	3.0	9.0
Weapon_Autocannon_AC2_CLAN	Ballistic	Autocannon	UAC2	25.0	5.0	8.0
Weapon_PPC_PPC_LIGHT1 Evasion IgnoreNo Recoil	Energy	PPC	PPC	25.0	3.0	15.0
Weapon_Flamer_Volcano* 40 Ammo	AntiPersonnel	Flamer	Flamer	5.0	1.0	0.0
Weapon_SRM_SRM4_STREAK_CLANIgnores 2 Evasion, + 2 Acc.	Missile	SRM	SRM4	8.0	2.0	8.0
Weapon_ATM_INFERNOATM3_0-STOCK	Missile	LRM	LRM5	10.0	2.0	15.0
Weapon_LRM_ATM12	Missile	LRM	LRM20	12.0	7.0	25.0
Weapon_Gauss_LightGauss	Ballistic	Gauss	Gauss	60.0	10.0	5.0
Weapon_Plasma_PlasmaPPC_0-STOCK	Energy	PPC	PPC	30.0	15.0	30.0
Weapon_Autocannon_AC20_LBX_CLAN	Ballistic	Autocannon	LB20X	20.0	12.0	20.0
Weapon_RotaryAutocannon_RAC5_0-STOCK	Ballistic	Autocannon	AC5	45.0	10.0	48.0
Weapon_SRM_SRM6_STREAKIgnores 2 Evasion, + 2 Acc.	Missile	SRM	SRM6	8.0	4.5	12.0
Weapon_RotaryAutocannon_RAC2_0-STOCK	Ballistic	Autocannon	AC5	25.0	8.0	24.0
Weapon_AssaultCannon_ASC2_0-STOCK	Ballistic	Autocannon	AC2	10.0	3.0	6.0
Weapon_Laser_MediumLaserERPulse_0	Energy	Laser	MediumLaserPulse	45.0	2.0	22.0
Weapon_Gauss_HeavyGauss	Ballistic	Gauss	Gauss	140.0	18.0	10.0
Weapon_Laser_BinaryLaserCannon_0-STOCK	Energy	Laser	LargeLaser	50.0	9.0	36.0
Weapon_Plasma_Plasmarifle_1-Tiegart-10 Dmg.+10 Heat Dmg.	Energy	PPC	PPC	30.0	6.0	22.0
Weapon_PPC_PPC_HEAVY	Energy	PPC	PPC	80.0	10.0	45.0
Weapon_Laser_HeavyLargeLaser_CLAN	Energy	Laser	LargeLaserER	75.0	4.0	35.0
Weapon_SRM_SRM2_Clantech	Missile	SRM	SRM2	8.0	0.5	4.0
Weapon_MML-3	Missile	LRM	LRM5	6.0	1.5	6.0
Weapon_SilverBulletSpecial	Ballistic	Gauss	Gauss	80.0	15.0	12.0
Weapon_LRM_ATM9	Missile	LRM	LRM15	12.0	5.0	20.0
Weapon_MachineGun_MachineGun_2-M100+ 25% Crit.+1 Dmg.	AntiPersonnel	MachineGun	MachineGun	4.0	0.5	0.0
Weapon_Thunderbolt_5	Missile	LRM	LRM5	50.0	4.0	9.0
Weapon_AntiPersonnelGauss_APG	AntiPersonnel	Gauss	Gauss	25.0	0.5	1.0
Weapon_Laser_SmallLaserER_Clantech	AntiPersonnel	Laser	SmallLaserER	35.0	0.5	10.0
Weapon_SRM_SRM6_Clantech	Missile	SRM	SRM6	8.0	1.5	12.0
Weapon_Laser_LargeLaserPulse_X	Energy	Laser	LargeLaserPulse	60.0	7.0	40.0
Weapon_Thunderbolt_20	Missile	LRM	LRM5	125.0	17.0	24.0
Weapon_Plasma_Plasmarifle_1-Defiance+5 Dmg.+5 Ammo	Energy	PPC	PPC	45.0	6.0	22.0
Weapon_Laser_LargeLaserER_Clantech	Energy	Laser	LargeLaserER	55.0	4.0	25.0
Weapon_MachineGun_MachineGun_1-Blackwell+30m Range	AntiPersonnel	MachineGun	MachineGun	3.0	0.5	0.0
Weapon_LRM_LRM15_Clantech	Missile	LRM	LRM15	4.0	3.5	14.0
Weapon_RocketLauncher_RL20_0_STOCK	Missile	SRM	SRM6	4.0	1.5	15.0
Weapon_Laser_HeavyMediumLaser_CLAN	Energy	Laser	MediumLaserER	50.0	1.0	30.0
Weapon_MRM_20	Missile	LRM	LRM10	4.0	7.0	12.0
Weapon_Plasma_Plasmarifle_0-STOCK	Energy	PPC	PPC	40.0	6.0	22.0
Weapon_Autocannon_AC10_CLAN	Ballistic	Autocannon	UAC10	60.0	10.0	18.0
Weapon_Laser_SmallLaserPulse_Clantech	AntiPersonnel	Laser	SmallLaserPulse	40.0	1.0	12.0
Weapon_RocketLauncher_RL10_0_STOCK	Missile	SRM	SRM2	4.0	0.5	9.0
Weapon_Gauss_Gauss_CLAN	Ballistic	Gauss	Gauss	75.0	12.0	5.0
Weapon_LRM_ATM3_CLAN	Missile	LRM	LRM5	12.0	1.5	10.0
Weapon_LRM_LRM10_CLAN	Missile	LRM	LRM10	4.0	2.5	10.0
Weapon_LRM_LRM5_CLAN	Missile	LRM	LRM5	4.0	1.0	6.0
Weapon_Laser_SmallLaserPulse_CLAN	AntiPersonnel	Laser	SmallLaserPulse	40.0	1.0	12.0
Weapon_SRM_SRM2_CLAN	Missile	SRM	SRM2	8.0	0.5	4.0
Weapon_LRM_ATM9_CLAN	Missile	LRM	LRM15	12.0	5.0	20.0
Weapon_Gauss_Gauss_HEAVY-1-UMP	Ballistic	Gauss	Gauss	185.0	16.0	6.0
Weapon_Laser_LargeLaserER_CLAN	Energy	Laser	LargeLaserER	55.0	4.0	25.0
Weapon_SRM_SRM4_CLAN	Missile	SRM	SRM4	8.0	1.0	8.0
Weapon_Laser_MicroLaserPulse_CLAN	AntiPersonnel	Laser	SmallLaserPulse	14.0	0.5	6.0
Weapon_PPC_PPC_LIGHT_PRETA1 Evasion IgnoreNo Recoil	Energy	PPC	PPC	25.0	3.0	15.0
Weapon_Mortar_Sniper	Ballistic	Autocannon	AC10	60.0	20.0	60.0
Weapon_Gauss_Gauss_LIGHT	Ballistic	Gauss	Gauss	50.0	12.0	5.0
Weapon_Laser_MediumLaserER_CLAN	Energy	Laser	MediumLaserER	40.0	1.0	20.0
Weapon_Laser_LargeLaserPulse_CLAN	Energy	Laser	LargeLaserPulse	60.0	6.0	30.0
Weapon_Boomstick_AC20_LBX	Ballistic	Autocannon	LB20X	20.0	15.0	40.0
Weapon_PPC_PPCSnub_ARCH	Energy	PPC	PPCSnub	15.0	6.0	35.0
Weapon_Gauss_Gauss_HEAVY	Ballistic	Gauss	Gauss	165.0	18.0	10.0
Weapon_LRM_ATM6_CLAN	Missile	LRM	LRM10	12.0	3.5	15.0
Weapon_Laser_MediumLaserPulse_CLAN	Energy	Laser	MediumLaserPulse	45.0	2.0	20.0
Weapon_LRM_LRM20_CLAN	Missile	LRM	LRM20	4.0	5.0	18.0
Weapon_LRM_LRM15_CLAN	Missile	LRM	LRM15	4.0	3.5	14.0
Weapon_LRM_ATM12_CLAN	Missile	LRM	LRM20	12.0	7.0	25.0
Weapon_Laser_SmallLaserER_CLAN	AntiPersonnel	Laser	SmallLaserER	35.0	0.5	10.0
Weapon_SRM_SRM6_CLAN	Missile	SRM	SRM6	8.0	1.5	12.0
Weapon_Laser_MicroLaserER_CLAN	AntiPersonnel	Laser	SmallLaserER	14.0	0.25	5.0
Weapon_Plasma_Plasmarifle_2-Victory-10 Dmg+10 Structure Dmg, +10 Heat Dmg	Energy	PPC	PPC	30.0	6.0	22.0
Weapon_Autocannon_AC10_LBX_CLAN	Ballistic	Autocannon	LB10X	10.0	10.0	10.0
Weapon_MRM_30-1-UMP+ 1 Stb.Dmg.- 2 Heat, - 1 Ton	Missile	LRM	LRM15	4.0	9.0	13.0
Weapon_SRM_SRM2_OneShot	Missile	SRM	SRM2	8.0	1.0	4.0
Weapon_ATM_IATM3_0-STOCK	Missile	LRM	LRM5	14.0	1.5	10.0
Weapon_SRM_SRM4_OS	Missile	SRM	SRM4	8.0	1.0	4.0
Weapon_Plasma_Plasmarifle_3-Ceres_Arms+15 Structure Dmg, +5 Dmg, +10 Heat Dmg.+5 Ammo	Energy	PPC	PPC	45.0	6.0	22.0
Weapon_Laser_MediumLaserER_Clantech	Energy	Laser	MediumLaserER	40.0	1.0	20.0
Weapon_Laser_MediumLaser_-1-Agra-2 Acc.	Energy	Laser	MediumLaser	25.0	1.0	12.0
Weapon_Gauss_Gauss_Clantech	Ballistic	Gauss	Gauss	75.0	12.0	5.0
Weapon_Autocannon_AC5_CLAN	Ballistic	Autocannon	UAC5	45.0	7.0	16.0
Weapon_ATM_IMPATM3_0-STOCK	Missile	LRM	LRM5	2.0	2.0	15.0
Weapon_MRM_40	Missile	LRM	LRM20	4.0	12.0	18.0
Weapon_Laser_VSMLaser_0-STOCK	Energy	Laser	MediumLaserPulse	35.0	4.0	35.0
Weapon_RocketLauncher_RL15_0_STOCK	Missile	SRM	SRM4	4.0	1.0	12.0
Weapon_SRM_SRM6_STREAK_CLANIgnores 2 Evasion, + 2 Acc.	Missile	SRM	SRM6	8.0	3.0	12.0
Weapon_Laser_MediumLaserPulse_X	Energy	Laser	MediumLaserPulse	40.0	2.0	25.0
Weapon_Laser_VSSLaser_0-STOCK	AntiPersonnel	Laser	SmallLaserPulse	25.0	2.0	25.0
Weapon_SRM_SRM_NARC_CLAN+ 25% Dmg. Mark* Missile	Missile	SRM	Narc	1.0	2.0	0.0
Weapon_ATM_IATM6_0-STOCK	Missile	LRM	LRM10	14.0	3.5	15.0
Weapon_PPC_PPCER_CLAN	Energy	PPC	PPCER	80.0	6.0	45.0
Weapon_SRM_SRM4_Clantech	Missile	SRM	SRM4	8.0	1.0	8.0
Weapon_Plasma_Plasmacannon_1-Diamond_Shark+10 Heat Dmg.+5 Structure Dmg.	Energy	PPC	PPC	2.0	3.0	15.0
Weapon_Laser_MediumLaserPulse_Clantech	Energy	Laser	MediumLaserPulse	45.0	2.0	20.0
Weapon_HyperGauss_HAG30	Ballistic	Gauss	Gauss	55.0	13.0	15.0
Weapon_MRM_40-1-UMP+ 1 Stb.Dmg.- 2 Heat, - 1 Ton	Missile	LRM	LRM20	4.0	11.0	16.0
Weapon_Flamer_Flamer_CLAN* 4 Ammo	AntiPersonnel	Flamer	Flamer	5.0	0.5	0.0
Weapon_MachineGun_MachineGun_CLAN	AntiPersonnel	MachineGun	MachineGun	3.0	0.25	0.0
Weapon_Laser_VSLLaser_0-STOCK	Energy	Laser	LargeLaserPulse	45.0	9.0	40.0
Weapon_Laser_LargeLaserPulse_Clantech	Energy	Laser	LargeLaserPulse	60.0	6.0	30.0
Weapon_Thunderbolt_15	Missile	LRM	LRM5	90.0	13.0	21.0
Weapon_SRM_SRM2_STREAKIgnores 2 Evasion, + 2 Acc.	Missile	SRM	SRM2	8.0	1.5	4.0
Weapon_LRM_ATM6	Missile	LRM	LRM10	12.0	3.5	15.0
Weapon_MachineGun_MachineGun_3-Voelkers+ 50% Crit.+ 2 Dmg.	AntiPersonnel	MachineGun	MachineGun	5.0	0.5	0.0
Weapon_MRM_10-1-UMP+ 1 Stb.Dmg.- 1 Heat, - 0.5 Tons	Missile	LRM	LRM5	4.0	2.5	5.0
Weapon_LRM_LRM10_Clantech	Missile	LRM	LRM10	4.0	2.5	10.0
Weapon_Laser_LargeLaser_-1-Tronel+ 50% Heat	Energy	Laser	LargeLaser	40.0	5.0	27.0
Weapon_MachineGun_MachineGun_1-Mydron+ 25% Crit.	AntiPersonnel	MachineGun	MachineGun	3.0	0.5	0.0
Weapon_Plasma_Plasmarifle_1-Ceres_Arms+5 Structure Dmg.	Energy	PPC	PPC	40.0	6.0	22.0
Weapon_Laser_BinaryLaserCannon_1-Defiance+ 5 Dmg.	Energy	Laser	LargeLaser	55.0	9.0	36.0
Weapon_MassDriver_MD40	Ballistic	Gauss	Gauss	300.0	20.0	45.0
Weapon_Autocannon_AC20_CLAN	Ballistic	Autocannon	UAC20	100.0	12.0	40.0
Weapon_SRM_SRM2_STREAK_CLANIgnores 2 Evasion, + 2 Acc.	Missile	SRM	SRM2	8.0	1.0	4.0
Weapon_MachineGun_JUGG	AntiPersonnel	MachineGun	MachineGun	3.0	2.0	1.0
Weapon_ATM_IATM12_0-STOCK	Missile	LRM	LRM20	14.0	7.0	25.0
Weapon_Laser_HeavySmallLaser_CLAN	AntiPersonnel	Laser	SmallLaserER	40.0	0.5	15.0
Weapon_Autocannon_AC2_LBX_CLAN	Ballistic	Autocannon	LB2X	4.0	5.0	2.0
Weapon_Laser_MicroLaserER_Clantech	AntiPersonnel	Laser	SmallLaserER	14.0	0.25	5.0
Weapon_MachineGun_MachineGun_CLAN_HEAVY	AntiPersonnel	MachineGun	MachineGun	4.0	0.5	0.0
Weapon_Laser_HeavySmallLaser_CLAN_IMPROVED	AntiPersonnel	Laser	SmallLaserER	40.0	0.5	15.0
Weapon_HyperGauss_HAG20	Ballistic	Gauss	Gauss	45.0	10.0	10.0
Weapon_Laser_Light_TAG_CLAN+ 10% Dmg. Mark* Energy, Ballistic	Energy	Laser	TAG	1.0	0.5	0.0
Weapon_MRM_20-1-UMP+ 1 Stb.Dmg.- 2 Heat, - 1 Ton	Missile	LRM	LRM10	4.0	6.0	10.0
Weapon_Gauss_HeavyGaussV2+ 20 Dmg., + 10 Stb.Dmg.- 2 Tons, - 2 Slots	Ballistic	Gauss	Gauss	160.0	16.0	10.0
Weapon_MML-7	Missile	LRM	LRM15	6.0	4.5	12.0
Weapon_HyperAutocannon_HVAC10_0-STOCK	Ballistic	Autocannon	AC10	60.0	14.0	12.0
Weapon_Laser_MicroLaserPulse_Clantech	AntiPersonnel	Laser	SmallLaserPulse	14.0	0.5	6.0
Weapon_Plasma_Plasmarifle_2-ChisComp+10 Ammo-7 Heat	Energy	PPC	PPC	40.0	6.0	15.0
Weapon_Plasma_Plasmacannon_0-STOCK	Energy	PPC	PPC	2.0	3.0	15.0
Weapon_MachineGun_MachineGun_CLAN_LIGHT	AntiPersonnel	MachineGun	MachineGun	2.0	0.25	0.0
Weapon_HyperGauss_HAG40	Ballistic	Gauss	Gauss	65.0	16.0	15.0
Weapon_SRM_SRM4_STREAKIgnores 2 Evasion, + 2 Acc.	Missile	SRM	SRM4	8.0	3.0	8.0
Weapon_Autocannon_AC20_Tyrannosaurus	Ballistic	Autocannon	AC20	140.0	12.0	20.0
Weapon_HyperAutocannon_HVAC5_0-STOCK	Ballistic	Autocannon	AC5	45.0	12.0	8.0
Weapon_PPC_PPC_-1-Magna-1 Acc-60 Stability to self	Energy	PPC	PPC	50.0	7.0	35.0
Weapon_HyperAutocannon_HVAC2_0-STOCK	Ballistic	Autocannon	AC2	25.0	8.0	4.0
Weapon_Autocannon_AC5_LBX_CLAN	Ballistic	Autocannon	LB5X	6.0	7.0	6.0
Weapon_Laser_LargeLaserERPulse_0	Energy	Laser	LargeLaserPulse	60.0	6.0	35.0
Weapon_LRM_LRM20_Clantech	Missile	LRM	LRM20	4.0	5.0	18.0
Weapon_Laser_VSSLaser_1+ 5 Dmg.- 3 Heat	AntiPersonnel	Laser	SmallLaserPulse	30.0	2.0	22.0
Weapon_RotaryAutocannon_RAC5_2+ 5 Stb.Dmg.- 8 Heat	Ballistic	Autocannon	AC5	45.0	10.0	40.0
Weapon_LRM_ATM6_CLAN_2+ 1 Stb.Dmg.+ 2 Acc.	Missile	LRM	LRM10	12.0	3.5	15.0
Weapon_Laser_VSLLaser_1+ 5 Dmg.- 5 Heat	Energy	Laser	LargeLaserPulse	50.0	9.0	35.0
Weapon_Laser_HeavyLargeLaser_CLAN_IMPROVED_1- 1 Slot	Energy	Laser	LargeLaserER	75.0	4.0	35.0
Weapon_PPC_PPC_LIGHT_3+ 25 Dmg.1 Evasion Ignore	Energy	PPC	PPC	50.0	3.0	15.0
Weapon_MML-7_1+ 2 Dmg.+ 1.5 Stb.Dmg.	Missile	LRM	LRM15	8.0	4.5	12.0
Weapon_SRM_SRM2_Clantech_1+ 2 Dmg.	Missile	SRM	SRM2	10.0	0.5	4.0
Weapon_Thunderbolt_15_1+ 15 Dmg.- 1 Ton	Missile	LRM	LRM5	105.0	12.0	21.0
Weapon_Laser_MediumLaserERPulse_1+ 5 Dmg.- 2 Heat	Energy	Laser	MediumLaserPulse	50.0	2.0	20.0
Weapon_HyperGauss_HAG40_1+ 10% Crit.+ 2 Acc.	Ballistic	Gauss	Gauss	65.0	16.0	15.0
Weapon_Thunderbolt_10_2+ 20 Dmg.- 1 Ton	Missile	LRM	LRM5	85.0	7.0	15.0
Weapon_PPC_PPCER_CLAN_3+ 20 Dmg.- 10 Heat	Energy	PPC	PPCER	100.0	6.0	35.0
Weapon_Autocannon_AC20_CLAN_2+ 40 Dmg.- 4 Recoil	Ballistic	Autocannon	UAC20	140.0	12.0	40.0
Weapon_Gauss_Gauss_3-EA+ 20 Dmg., + 10 Stb.Dmg.- 4 Tons, - 1 Slot	Ballistic	Gauss	Gauss	95.0	11.0	5.0
Weapon_SRM_SRM2_STREAK_CLAN_2+ 2 Dmg., Ignores 2 Evasion, + 2 Acc.- 1 Heat, - 0.5 Tons	Missile	SRM	SRM2	10.0	0.5	3.0
Weapon_Autocannon_AC10_CLAN_1+ 10 Dmg.+ 10 Stb.Dmg.	Ballistic	Autocannon	UAC10	70.0	10.0	18.0
Weapon_LRM_ATM12_CLAN_1+ 1 Stb.Dmg.	Missile	LRM	LRM20	12.0	7.0	25.0
Weapon_PPC_PPCER_CLAN_2+ 10 Dmg.- 10 Heat	Energy	PPC	PPCER	90.0	6.0	35.0
Weapon_ATM_IATM12_2+ 2 Stb.Dmg.+ 100m Range	Missile	LRM	LRM20	14.0	7.0	25.0
Weapon_Laser_MediumLaserER_Clantech_1- 5 Heat	Energy	Laser	MediumLaserER	40.0	1.0	15.0
Weapon_Gauss_Gauss_Clantech_2+ 40 Dmg.- 2 Tons	Ballistic	Gauss	Gauss	115.0	10.0	5.0
Weapon_Laser_LargeLaserER_Clantech_1- 5 Heat	Energy	Laser	LargeLaserER	55.0	4.0	20.0
Weapon_RotaryAutocannon_RAC2_1- 4 Heat- 0.5 Tons	Ballistic	Autocannon	AC5	25.0	7.5	20.0
Weapon_PPC_PPC_LIGHT_2+ 20 Dmg.1 Evasion Ignore	Energy	PPC	PPC	45.0	3.0	15.0
Weapon_Laser_LargeLaserERPulse_2+ 20 Dmg.- 5 Heat	Energy	Laser	LargeLaserPulse	80.0	6.0	30.0
Weapon_MachineGun_MachineGun_CLAN_LIGHT_1+ 2 Dmg.- 0.25 Ton	AntiPersonnel	MachineGun	MachineGun	4.0	0.0	0.0
Weapon_MML-5_1+ 2 Dmg.+ 1.5 Stb.Dmg.	Missile	LRM	LRM10	8.0	3.0	9.0
Weapon_ATM_IATM6_2+ 2 Stb.Dmg.+ 100m Range	Missile	LRM	LRM10	14.0	3.5	15.0
Weapon_Laser_HeavyMediumLaser_CLAN_IMPROVED_2- 10 Heat	Energy	Laser	MediumLaserER	50.0	1.0	20.0
Weapon_ATM_IATM3_1+ 2 Stb.Dmg.	Missile	LRM	LRM5	14.0	1.5	10.0
Weapon_Laser_SmallLaserPulse_Clantech_1+ 5 Dmg.	AntiPersonnel	Laser	SmallLaserPulse	40.0	1.0	12.0
Weapon_MML-9_1+ 2 Dmg.+ 1.5 Stb.Dmg.	Missile	LRM	LRM20	8.0	6.0	15.0
Weapon_PPC_PPC_3+ 20 Dmg.- 5 Heat	Energy	PPC	PPC	70.0	7.0	30.0
Weapon_LRM_ATM3_CLAN_2+ 1 Stb.Dmg.+ 2 Acc.	Missile	LRM	LRM5	12.0	1.5	10.0
Weapon_Thunderbolt_20_2+ 40 Dmg.- 2 Tons	Missile	LRM	LRM5	165.0	15.0	24.0
Weapon_PPC_PPC_HEAVY_3+ 60 Dmg.+ 40 Stb.Dmg.	Energy	PPC	PPC	140.0	10.0	45.0
Weapon_Laser_VSMLaser_2+ 10 Dmg.- 5 Heat	Energy	Laser	MediumLaserPulse	45.0	4.0	30.0
Weapon_Laser_LargeLaserPulse_Clantech_2+ 20 Dmg.- 5 Heat	Energy	Laser	LargeLaserPulse	80.0	6.0	25.0
Weapon_SRM_SRM4_STREAK_2+4 Dmg., Ignores 2 Evasion, + 2 Acc.- 1 Ton	Missile	SRM	SRM4	12.0	2.0	8.0
Weapon_Autocannon_AC5_LBX_CLAN_2+ 4 Dmg.+ 4 Stb.Dmg.	Ballistic	Autocannon	LB5X	10.0	7.0	6.0
Weapon_HyperGauss_HAG20_2+ 20% Crit.+ 4 Acc.	Ballistic	Gauss	Gauss	45.0	10.0	10.0
Weapon_LRM_LRM15_Clantech_1+ 1 Dmg.- 3 Heat	Missile	LRM	LRM15	5.0	3.5	11.0
Weapon_LRM_LRM10_Clantech_2+ 1 Dmg., + 1 Stb.Dmg.- 2 Heat	Missile	LRM	LRM10	5.0	2.5	8.0
Weapon_LRM_LRM5_Clantech_2+ 1 Dmg., + 1 Stb.Dmg.- 1 Heat	Missile	LRM	LRM5	5.0	1.0	5.0
Weapon_Autocannon_AC20_LBX_CLAN_1+ 5 Dmg.+ 4 Stb.Dmg.	Ballistic	Autocannon	LB20X	25.0	12.0	20.0
Weapon_MachineGun_MachineGun_CLAN_2+ 4 Dmg.- 0.25 Ton	AntiPersonnel	MachineGun	MachineGun	7.0	0.0	0.0
Weapon_MRM_40-3+ 1.5 Stb.Dmg.- 4 Heat, - 3 Tons	Missile	LRM	LRM20	4.0	9.0	14.0
Weapon_LRM_ATM9_CLAN_2+ 1 Stb.Dmg.+ 2 Acc.	Missile	LRM	LRM15	12.0	5.0	20.0
Weapon_SRM_SRM6_Clantech_3+ 2 Dmg., + 1 Stb.Dmg.- 3 Heat	Missile	SRM	SRM6	10.0	1.5	9.0
Weapon_Laser_BinaryLaserCannon_2+ 10 Dmg., - 3 Heat- 1 Ton	Energy	Laser	LargeLaser	60.0	8.0	33.0
Weapon_SRM_SRM4_STREAK_CLAN_2+ 2 Dmg., Ignores 2 Evasion, + 2 Acc.- 2 Heat, - 0.5 Tons	Missile	SRM	SRM4	10.0	1.5	6.0
Weapon_SRM_SRM4_Clantech_1+ 2 Dmg.	Missile	SRM	SRM4	10.0	1.0	8.0
Weapon_Laser_MediumLaserPulse_X_2+ 15 Dmg.- 3 Heat	Energy	Laser	MediumLaserPulse	55.0	2.0	22.0
Weapon_Laser_SmallLaserER_Clantech_2+ 5 Dmg.+ 25% Crit.	AntiPersonnel	Laser	SmallLaserER	40.0	0.5	10.0
Weapon_Laser_MediumLaserPulse_Clantech_1+ 5 Dmg.- 2 Heat	Energy	Laser	MediumLaserPulse	50.0	2.0	18.0
Weapon_Autocannon_AC5_CLAN_1+ 5 Damage- 2 Recoil	Ballistic	Autocannon	UAC5	50.0	7.0	16.0
Weapon_ATM_IATM9_1+ 2 Stb.Dmg.	Missile	LRM	LRM15	14.0	5.0	20.0
Weapon_Autocannon_AC2_CLAN_2+ 10 Dmg.- 1 Ton	Ballistic	Autocannon	UAC2	35.0	4.0	8.0
Weapon_MML-3_1+ 2 Dmg.+ 1.5 Stb.Dmg.	Missile	LRM	LRM5	8.0	1.5	6.0
Weapon_SRM_SRM2_STREAK_1+ 2 Dmg., Ignores 2 Evasion, + 2 Acc.	Missile	SRM	SRM2	10.0	1.5	4.0
Weapon_PPC_PPCER_3+ 20 Dmg.- 1 Ton, - 5 Heat	Energy	PPC	PPCER	80.0	6.0	40.0
Weapon_Autocannon_AC10_LBX_CLAN_2+ 6 Dmg.+ 4 Stb.Dmg.	Ballistic	Autocannon	LB10X	16.0	10.0	10.0
Weapon_SRM_SRM6_Clantech_2+ 2 Dmg.- 3 Heat	Missile	SRM	SRM6	10.0	1.5	9.0
Weapon_Laser_BinaryLaserCannon_3+ 15 Dmg., - 3 Heat- 2 Tons, - 1 Slot	Energy	Laser	LargeLaser	65.0	7.0	33.0
Weapon_MRM_40-2+ 1 Stb.Dmg.- 4 Heat, - 2 Tons	Missile	LRM	LRM20	4.0	10.0	14.0
Weapon_SRM_SRM6_STREAK_1+ 2 Dmg., Ignores 2 Evasion, + 2 Acc.	Missile	SRM	SRM6	10.0	4.5	12.0
Weapon_LRM_LRM20_Clantech_1+ 1 Dmg.- 4 Heat	Missile	LRM	LRM20	5.0	5.0	14.0
Weapon_Laser_HeavySmallLaser_CLAN_IMPROVED_2- 2 Heat+ 60m Range	AntiPersonnel	Laser	SmallLaserER	40.0	0.5	12.0
Weapon_Thunderbolt_5_1+ 5 Dmg.	Missile	LRM	LRM5	55.0	4.0	9.0
Weapon_SRM_SRM6_STREAK_CLAN_1+ 2 Dmg., Ignores 2 Evasion, + 2 Acc.- 3 Heat	Missile	SRM	SRM6	10.0	2.5	9.0
Weapon_MachineGun_MachineGun_CLAN_HEAVY_1+ 3 Dmg.	AntiPersonnel	MachineGun	MachineGun	7.0	0.5	0.0
Weapon_Autocannon_AC2_LBX_CLAN_2+ 2 Dmg.- 1 Ton	Ballistic	Autocannon	LB2X	6.0	4.0	2.0
Weapon_HyperGauss_HAG30_2+ 20% Crit.+ 4 Acc.	Ballistic	Gauss	Gauss	55.0	13.0	15.0
Weapon_SilverBulletSpecial_1+ 10 Dmg.- 1 Ton	Ballistic	Gauss	Gauss	90.0	14.0	12.0
Weapon_PPC_PPC_HEAVY_2+ 40 Dmg.+ 20 Stb.Dmg.	Energy	PPC	PPC	120.0	10.0	45.0
Weapon_Laser_LargeLaserPulse_X_1+10 Dmg.	Energy	Laser	LargeLaserPulse	70.0	7.0	40.0
Weapon_SRM_SRM6_STREAK_CLAN_2+ 2 Dmg., Ignores 2 Evasion, + 2 Acc.- 3 Heat, - 1 Ton	Missile	SRM	SRM6	10.0	2.0	9.0
Weapon_Laser_HeavySmallLaser_CLAN_IMPROVED_1- 3 Heat	AntiPersonnel	Laser	SmallLaserER	40.0	0.5	12.0
Weapon_Thunderbolt_5_2+ 10 Dmg.	Missile	LRM	LRM5	60.0	4.0	9.0
Weapon_HyperGauss_HAG30_1+ 10% Crit.+ 2 Acc.	Ballistic	Gauss	Gauss	55.0	13.0	15.0
Weapon_Autocannon_AC2_LBX_CLAN_1+ 2 Dmg.- 0.5 Tons	Ballistic	Autocannon	LB2X	6.0	4.5	2.0
Weapon_MachineGun_MachineGun_CLAN_HEAVY_2+ 6 Dmg.+ 60m Range	AntiPersonnel	MachineGun	MachineGun	10.0	0.5	0.0
Weapon_SilverBulletSpecial_2+ 20 Dmg.- 1 Ton, - 1 Slot	Ballistic	Gauss	Gauss	100.0	14.0	12.0
Weapon_PPC_PPC_HEAVY_1+ 20 Dmg.+ 10 Stb.Dmg.	Energy	PPC	PPC	100.0	10.0	45.0
Weapon_Laser_LargeLaserPulse_X_2+20 Dmg.	Energy	Laser	LargeLaserPulse	80.0	7.0	40.0
Weapon_ATM_IATM9_2+ 2 Stb.Dmg.+ 100m Range	Missile	LRM	LRM15	14.0	5.0	20.0
Weapon_Autocannon_AC5_CLAN_2+ 10 Damage- 2 Recoil	Ballistic	Autocannon	UAC5	55.0	7.0	16.0
Weapon_Autocannon_AC2_CLAN_1+ 10 Dmg.- 0.5 Tons	Ballistic	Autocannon	UAC2	35.0	4.5	8.0
Weapon_MML-3_2+ 4 Dmg.+ 3 Stb.Dmg.	Missile	LRM	LRM5	10.0	1.5	6.0
Weapon_SRM_SRM2_STREAK_2+4 Dmg., Ignores 2 Evasion, + 2 Acc.- 0.5 Tons	Missile	SRM	SRM2	12.0	1.0	4.0
Weapon_MRM_10-2+ 1 Stb.Dmg.- 1 Heat, - 1 Ton	Missile	LRM	LRM5	4.0	2.0	5.0
Weapon_SRM_SRM4_Clantech_3+ 2 Dmg., + 1 Stb.Dmg.- 2 Heat	Missile	SRM	SRM4	10.0	1.0	6.0
Weapon_Autocannon_AC10_LBX_CLAN_1+ 4 Dmg.+ 2 Stb.Dmg.	Ballistic	Autocannon	LB10X	14.0	10.0	10.0
Weapon_SRM_SRM6_Clantech_1+ 2 Dmg.	Missile	SRM	SRM6	10.0	1.5	12.0
Weapon_SRM_SRM6_STREAK_2+ 4 Dmg., Ignores 2 Evasion, + 2 Acc.- 1 Ton	Missile	SRM	SRM6	12.0	3.5	12.0
Weapon_LRM_LRM20_Clantech_2+ 1 Dmg., + 1 Stb.Dmg.- 4 Heat	Missile	LRM	LRM20	5.0	5.0	14.0
Weapon_LRM_ATM9_CLAN_1+ 1 Stb.Dmg.	Missile	LRM	LRM15	12.0	5.0	20.0
Weapon_SRM_SRM4_Clantech_2+ 2 Dmg.- 2 Heat	Missile	SRM	SRM4	10.0	1.0	6.0
Weapon_SRM_SRM4_STREAK_CLAN_1+ 2 Dmg., Ignores 2 Evasion, + 2 Acc.- 2 Heat	Missile	SRM	SRM4	10.0	2.0	6.0
Weapon_MRM_10-3+ 1.5 Stb.Dmg.- 1 Heat, - 1 Ton	Missile	LRM	LRM5	4.0	2.0	5.0
Weapon_Laser_MediumLaserPulse_X_1+ 5 Dmg.- 3 Heat	Energy	Laser	MediumLaserPulse	45.0	2.0	22.0
Weapon_Laser_SmallLaserER_Clantech_1+ 5 Dmg.	AntiPersonnel	Laser	SmallLaserER	35.0	0.5	10.0
Weapon_Laser_MediumLaserPulse_Clantech_2+ 10 Dmg.- 4 Heat	Energy	Laser	MediumLaserPulse	55.0	2.0	16.0
Weapon_Thunderbolt_20_1+ 20 Dmg.- 1 Ton	Missile	LRM	LRM5	145.0	16.0	24.0
Weapon_Laser_VSMLaser_1+ 5 Dmg.- 5 Heat	Energy	Laser	MediumLaserPulse	40.0	4.0	30.0
Weapon_SRM_SRM4_STREAK_1+ 2 Dmg., Ignores 2 Evasion, + 2 Acc.	Missile	SRM	SRM4	10.0	3.0	8.0
Weapon_Laser_LargeLaserPulse_Clantech_1+ 10 Dmg.- 5 Heat	Energy	Laser	LargeLaserPulse	70.0	6.0	25.0
Weapon_Autocannon_AC5_LBX_CLAN_1+ 2 Dmg.+ 4 Stb.Dmg.	Ballistic	Autocannon	LB5X	8.0	7.0	6.0
Weapon_HyperGauss_HAG20_1+ 10% Crit.+ 2 Acc.	Ballistic	Gauss	Gauss	45.0	10.0	10.0
Weapon_LRM_LRM15_Clantech_2+ 1 Dmg., + 1 Stb.Dmg.- 3 Heat	Missile	LRM	LRM15	5.0	3.5	11.0
Weapon_LRM_LRM10_Clantech_1+ 1 Dmg.- 2 Heat	Missile	LRM	LRM10	5.0	2.5	8.0
Weapon_LRM_LRM5_Clantech_1+ 1 Dmg.- 1 Heat	Missile	LRM	LRM5	5.0	1.0	5.0
Weapon_MachineGun_MachineGun_CLAN_1+ 2 Dmg.- 0.25 Ton	AntiPersonnel	MachineGun	MachineGun	5.0	0.0	0.0
Weapon_Autocannon_AC20_LBX_CLAN_2+ 10 Dmg.+ 4 Stb.Dmg.	Ballistic	Autocannon	LB20X	30.0	12.0	20.0
Weapon_SRM_SRM2_Clantech_3+ 2 Dmg., + 1 Stb.Dmg.- 1 Heat	Missile	SRM	SRM2	10.0	0.5	3.0
Weapon_RotaryAutocannon_RAC2_2- 8 Heat- 1 Ton	Ballistic	Autocannon	AC5	25.0	7.0	16.0
Weapon_MRM_20-2+ 1 Stb.Dmg.- 3 Heat, - 1.5 Tons	Missile	LRM	LRM10	4.0	5.5	9.0
Weapon_PPC_PPC_LIGHT_1+ 10 Dmg.1 Evasion Ignore	Energy	PPC	PPC	35.0	3.0	15.0
Weapon_Laser_LargeLaserERPulse_1+ 10 Dmg.	Energy	Laser	LargeLaserPulse	70.0	6.0	35.0
Weapon_MachineGun_MachineGun_CLAN_LIGHT_2+ 4 Dmg.- 0.25 Ton	AntiPersonnel	MachineGun	MachineGun	6.0	0.0	0.0
Weapon_MML-5_2+ 4 Dmg.+ 3 Stb.Dmg.	Missile	LRM	LRM10	10.0	3.0	9.0
Weapon_Laser_HeavyMediumLaser_CLAN_IMPROVED_1-5 Heat	Energy	Laser	MediumLaserER	50.0	1.0	25.0
Weapon_ATM_IATM6_1+ 2 Stb.Dmg.	Missile	LRM	LRM10	14.0	3.5	15.0
Weapon_MRM_30-3+ 1.5 Stb.Dmg.- 4 Heat, - 3 Tons	Missile	LRM	LRM15	4.0	7.0	11.0
Weapon_ATM_IATM3_2+ 2 Stb.Dmg.+ 100m Range	Missile	LRM	LRM5	14.0	1.5	10.0
Weapon_MML-9_2+ 4 Dmg.+ 3 Stb.Dmg.	Missile	LRM	LRM20	10.0	6.0	15.0
Weapon_Laser_SmallLaserPulse_Clantech_2+ 10 Dmg.- 2 Heat	AntiPersonnel	Laser	SmallLaserPulse	45.0	1.0	10.0
Weapon_LRM_ATM3_CLAN_1+ 1 Stb.Dmg.	Missile	LRM	LRM5	12.0	1.5	10.0
Weapon_SRM_SRM2_STREAK_CLAN_1+ 2 Dmg., Ignores 2 Evasion, + 2 Acc.- 1 Heat	Missile	SRM	SRM2	10.0	1.0	3.0
Weapon_Autocannon_AC10_CLAN_2+ 20 Dmg.+ 10 Stb.Dmg.	Ballistic	Autocannon	UAC10	80.0	10.0	18.0
Weapon_LRM_ATM12_CLAN_2+ 1 Stb.Dmg.+ 2 Acc.	Missile	LRM	LRM20	12.0	7.0	25.0
Weapon_PPC_PPCER_CLAN_1- 5 Heat	Energy	PPC	PPCER	80.0	6.0	40.0
Weapon_ATM_IATM12_1+ 2 Stb.Dmg.	Missile	LRM	LRM20	14.0	7.0	25.0
Weapon_Gauss_Gauss_Clantech_1+ 20 Dmg.- 1 Ton	Ballistic	Gauss	Gauss	95.0	11.0	5.0
Weapon_Laser_MediumLaserER_Clantech_2+ 5 Dmg.- 5 Heat	Energy	Laser	MediumLaserER	45.0	1.0	15.0
Weapon_Laser_LargeLaserER_Clantech_2+ 5 Dmg.- 5 Heat	Energy	Laser	LargeLaserER	60.0	4.0	20.0
Weapon_Thunderbolt_15_2+ 30 Dmg.- 2 Tons	Missile	LRM	LRM5	120.0	11.0	21.0
Weapon_Laser_MediumLaserERPulse_2+ 10 Dmg.- 4 Heat	Energy	Laser	MediumLaserPulse	55.0	2.0	18.0
Weapon_Gauss_HeavyGaussV3+ 40 Dmg., + 20 Stb.Dmg.- 3 Tons, - 3 Slots	Ballistic	Gauss	Gauss	180.0	15.0	10.0
Weapon_HyperGauss_HAG40_2+ 20% Crit.+ 4 Acc.	Ballistic	Gauss	Gauss	65.0	16.0	15.0
Weapon_Thunderbolt_10_1+ 10 Dmg.- 0.5 Tons	Missile	LRM	LRM5	75.0	7.5	15.0
Weapon_Autocannon_AC20_CLAN_1+ 20 Dmg.- 2 Recoil	Ballistic	Autocannon	UAC20	120.0	12.0	40.0
Weapon_RotaryAutocannon_RAC5_1+ 2.5 Stb.Dmg.- 4 Heat	Ballistic	Autocannon	AC5	45.0	10.0	44.0
Weapon_Laser_VSSLaser_2+ 10 Dmg.- 3 Heat	AntiPersonnel	Laser	SmallLaserPulse	35.0	2.0	22.0
Weapon_MRM_30-2+ 1 Stb.Dmg.- 4 Heat, - 2 Tons	Missile	LRM	LRM15	4.0	8.0	11.0
Weapon_LRM_ATM6_CLAN_1+ 1 Stb.Dmg.	Missile	LRM	LRM10	12.0	3.5	15.0
Weapon_Laser_VSLLaser_2+ 10 Dmg.- 5 Heat	Energy	Laser	LargeLaserPulse	55.0	9.0	35.0
Weapon_Laser_HeavyLargeLaser_CLAN_IMPROVED_2- 5 Heat- 1 Slot	Energy	Laser	LargeLaserER	75.0	4.0	30.0
Weapon_MML-7_2+ 4 Dmg.+ 3 Stb.Dmg.	Missile	LRM	LRM15	10.0	4.5	12.0
Weapon_SRM_SRM2_Clantech_2+ 2 Dmg.- 1 Heat	Missile	SRM	SRM2	10.0	0.5	3.0
Weapon_MRM_20-3+ 1.5 Stb.Dmg.- 3 Heat, - 2 Tons	Missile	LRM	LRM10	4.0	5.0	9.0
Weapon_Laser_VSSLaser_1+ 5 Dmg.- 3 Heat	AntiPersonnel	Laser	SmallLaserPulse	30.0	2.0	22.0
Weapon_RotaryAutocannon_RAC5_2+ 5 Stb.Dmg.- 8 Heat	Ballistic	Autocannon	AC5	45.0	10.0	40.0
Weapon_LRM_ATM6_CLAN_2+ 1 Stb.Dmg.+ 2 Acc.	Missile	LRM	LRM10	12.0	3.5	15.0
Weapon_Laser_VSLLaser_1+ 5 Dmg.- 5 Heat	Energy	Laser	LargeLaserPulse	50.0	9.0	35.0
Weapon_Laser_HeavyLargeLaser_CLAN_IMPROVED_1- 1 Slot	Energy	Laser	LargeLaserER	75.0	4.0	35.0
Weapon_PPC_PPC_LIGHT_3+ 25 Dmg.1 Evasion Ignore	Energy	PPC	PPC	50.0	3.0	15.0
Weapon_MML-7_1+ 2 Dmg.+ 1.5 Stb.Dmg.	Missile	LRM	LRM15	8.0	4.5	12.0
Weapon_SRM_SRM2_Clantech_1+ 2 Dmg.	Missile	SRM	SRM2	10.0	0.5	4.0
Weapon_Thunderbolt_15_1+ 15 Dmg.- 1 Ton	Missile	LRM	LRM5	105.0	12.0	21.0
Weapon_Laser_MediumLaserERPulse_1+ 5 Dmg.- 2 Heat	Energy	Laser	MediumLaserPulse	50.0	2.0	20.0
Weapon_HyperGauss_HAG40_1+ 10% Crit.+ 2 Acc.	Ballistic	Gauss	Gauss	65.0	16.0	15.0
Weapon_Thunderbolt_10_2+ 20 Dmg.- 1 Ton	Missile	LRM	LRM5	85.0	7.0	15.0
Weapon_PPC_PPCER_CLAN_3+ 20 Dmg.- 10 Heat	Energy	PPC	PPCER	100.0	6.0	35.0
Weapon_Autocannon_AC20_CLAN_2+ 40 Dmg.- 4 Recoil	Ballistic	Autocannon	UAC20	140.0	12.0	40.0
Weapon_Gauss_Gauss_3-EA+ 20 Dmg., + 10 Stb.Dmg.- 4 Tons, - 1 Slot	Ballistic	Gauss	Gauss	95.0	11.0	5.0
Weapon_SRM_SRM2_STREAK_CLAN_2+ 2 Dmg., Ignores 2 Evasion, + 2 Acc.- 1 Heat, - 0.5 Tons	Missile	SRM	SRM2	10.0	0.5	3.0
Weapon_Autocannon_AC10_CLAN_1+ 10 Dmg.+ 10 Stb.Dmg.	Ballistic	Autocannon	UAC10	70.0	10.0	18.0
Weapon_LRM_ATM12_CLAN_1+ 1 Stb.Dmg.	Missile	LRM	LRM20	12.0	7.0	25.0
Weapon_PPC_PPCER_CLAN_2+ 10 Dmg.- 10 Heat	Energy	PPC	PPCER	90.0	6.0	35.0
Weapon_ATM_IATM12_2+ 2 Stb.Dmg.+ 100m Range	Missile	LRM	LRM20	14.0	7.0	25.0
Weapon_Laser_MediumLaserER_Clantech_1- 5 Heat	Energy	Laser	MediumLaserER	40.0	1.0	15.0
Weapon_Gauss_Gauss_Clantech_2+ 40 Dmg.- 2 Tons	Ballistic	Gauss	Gauss	115.0	10.0	5.0
Weapon_Laser_LargeLaserER_Clantech_1- 5 Heat	Energy	Laser	LargeLaserER	55.0	4.0	20.0
Weapon_RotaryAutocannon_RAC2_1- 4 Heat- 0.5 Tons	Ballistic	Autocannon	AC5	25.0	7.5	20.0
Weapon_PPC_PPC_LIGHT_2+ 20 Dmg.1 Evasion Ignore	Energy	PPC	PPC	45.0	3.0	15.0
Weapon_Laser_LargeLaserERPulse_2+ 20 Dmg.- 5 Heat	Energy	Laser	LargeLaserPulse	80.0	6.0	30.0
Weapon_MachineGun_MachineGun_CLAN_LIGHT_1+ 2 Dmg.- 0.25 Ton	AntiPersonnel	MachineGun	MachineGun	4.0	0.0	0.0
Weapon_MML-5_1+ 2 Dmg.+ 1.5 Stb.Dmg.	Missile	LRM	LRM10	8.0	3.0	9.0
Weapon_ATM_IATM6_2+ 2 Stb.Dmg.+ 100m Range	Missile	LRM	LRM10	14.0	3.5	15.0
Weapon_Laser_HeavyMediumLaser_CLAN_IMPROVED_2- 10 Heat	Energy	Laser	MediumLaserER	50.0	1.0	20.0
Weapon_ATM_IATM3_1+ 2 Stb.Dmg.	Missile	LRM	LRM5	14.0	1.5	10.0
Weapon_Laser_SmallLaserPulse_Clantech_1+ 5 Dmg.	AntiPersonnel	Laser	SmallLaserPulse	40.0	1.0	12.0
Weapon_MML-9_1+ 2 Dmg.+ 1.5 Stb.Dmg.	Missile	LRM	LRM20	8.0	6.0	15.0
Weapon_PPC_PPC_3+ 20 Dmg.- 5 Heat	Energy	PPC	PPC	70.0	7.0	30.0
Weapon_LRM_ATM3_CLAN_2+ 1 Stb.Dmg.+ 2 Acc.	Missile	LRM	LRM5	12.0	1.5	10.0
Weapon_Thunderbolt_20_2+ 40 Dmg.- 2 Tons	Missile	LRM	LRM5	165.0	15.0	24.0
Weapon_PPC_PPC_HEAVY_3+ 60 Dmg.+ 40 Stb.Dmg.	Energy	PPC	PPC	140.0	10.0	45.0
Weapon_Laser_VSMLaser_2+ 10 Dmg.- 5 Heat	Energy	Laser	MediumLaserPulse	45.0	4.0	30.0
Weapon_Laser_LargeLaserPulse_Clantech_2+ 20 Dmg.- 5 Heat	Energy	Laser	LargeLaserPulse	80.0	6.0	25.0
Weapon_SRM_SRM4_STREAK_2+4 Dmg., Ignores 2 Evasion, + 2 Acc.- 1 Ton	Missile	SRM	SRM4	12.0	2.0	8.0
Weapon_Autocannon_AC5_LBX_CLAN_2+ 4 Dmg.+ 4 Stb.Dmg.	Ballistic	Autocannon	LB5X	10.0	7.0	6.0
Weapon_HyperGauss_HAG20_2+ 20% Crit.+ 4 Acc.	Ballistic	Gauss	Gauss	45.0	10.0	10.0
Weapon_LRM_LRM15_Clantech_1+ 1 Dmg.- 3 Heat	Missile	LRM	LRM15	5.0	3.5	11.0
Weapon_LRM_LRM10_Clantech_2+ 1 Dmg., + 1 Stb.Dmg.- 2 Heat	Missile	LRM	LRM10	5.0	2.5	8.0
Weapon_LRM_LRM5_Clantech_2+ 1 Dmg., + 1 Stb.Dmg.- 1 Heat	Missile	LRM	LRM5	5.0	1.0	5.0
Weapon_Autocannon_AC20_LBX_CLAN_1+ 5 Dmg.+ 4 Stb.Dmg.	Ballistic	Autocannon	LB20X	25.0	12.0	20.0
Weapon_MachineGun_MachineGun_CLAN_2+ 4 Dmg.- 0.25 Ton	AntiPersonnel	MachineGun	MachineGun	7.0	0.0	0.0
Weapon_MRM_40-3+ 1.5 Stb.Dmg.- 4 Heat, - 3 Tons	Missile	LRM	LRM20	4.0	9.0	14.0
Weapon_LRM_ATM9_CLAN_2+ 1 Stb.Dmg.+ 2 Acc.	Missile	LRM	LRM15	12.0	5.0	20.0
Weapon_SRM_SRM6_Clantech_3+ 2 Dmg., + 1 Stb.Dmg.- 3 Heat	Missile	SRM	SRM6	10.0	1.5	9.0
Weapon_Laser_BinaryLaserCannon_2+ 10 Dmg., - 3 Heat- 1 Ton	Energy	Laser	LargeLaser	60.0	8.0	33.0
Weapon_SRM_SRM4_STREAK_CLAN_2+ 2 Dmg., Ignores 2 Evasion, + 2 Acc.- 2 Heat, - 0.5 Tons	Missile	SRM	SRM4	10.0	1.5	6.0
Weapon_SRM_SRM4_Clantech_1+ 2 Dmg.	Missile	SRM	SRM4	10.0	1.0	8.0
Weapon_Laser_MediumLaserPulse_X_2+ 15 Dmg.- 3 Heat	Energy	Laser	MediumLaserPulse	55.0	2.0	22.0
Weapon_Laser_SmallLaserER_Clantech_2+ 5 Dmg.+ 25% Crit.	AntiPersonnel	Laser	SmallLaserER	40.0	0.5	10.0
Weapon_Laser_MediumLaserPulse_Clantech_1+ 5 Dmg.- 2 Heat	Energy	Laser	MediumLaserPulse	50.0	2.0	18.0
Weapon_Autocannon_AC5_CLAN_1+ 5 Damage- 2 Recoil	Ballistic	Autocannon	UAC5	50.0	7.0	16.0
Weapon_ATM_IATM9_1+ 2 Stb.Dmg.	Missile	LRM	LRM15	14.0	5.0	20.0
Weapon_Autocannon_AC2_CLAN_2+ 10 Dmg.- 1 Ton	Ballistic	Autocannon	UAC2	35.0	4.0	8.0
Weapon_MML-3_1+ 2 Dmg.+ 1.5 Stb.Dmg.	Missile	LRM	LRM5	8.0	1.5	6.0
Weapon_SRM_SRM2_STREAK_1+ 2 Dmg., Ignores 2 Evasion, + 2 Acc.	Missile	SRM	SRM2	10.0	1.5	4.0
Weapon_PPC_PPCER_3+ 20 Dmg.- 1 Ton, - 5 Heat	Energy	PPC	PPCER	80.0	6.0	40.0
Weapon_Autocannon_AC10_LBX_CLAN_2+ 6 Dmg.+ 4 Stb.Dmg.	Ballistic	Autocannon	LB10X	16.0	10.0	10.0
Weapon_SRM_SRM6_Clantech_2+ 2 Dmg.- 3 Heat	Missile	SRM	SRM6	10.0	1.5	9.0
Weapon_Laser_BinaryLaserCannon_3+ 15 Dmg., - 3 Heat- 2 Tons, - 1 Slot	Energy	Laser	LargeLaser	65.0	7.0	33.0
Weapon_MRM_40-2+ 1 Stb.Dmg.- 4 Heat, - 2 Tons	Missile	LRM	LRM20	4.0	10.0	14.0
Weapon_SRM_SRM6_STREAK_1+ 2 Dmg., Ignores 2 Evasion, + 2 Acc.	Missile	SRM	SRM6	10.0	4.5	12.0
Weapon_LRM_LRM20_Clantech_1+ 1 Dmg.- 4 Heat	Missile	LRM	LRM20	5.0	5.0	14.0
Weapon_Laser_HeavySmallLaser_CLAN_IMPROVED_2- 2 Heat+ 60m Range	AntiPersonnel	Laser	SmallLaserER	40.0	0.5	12.0
Weapon_Thunderbolt_5_1+ 5 Dmg.	Missile	LRM	LRM5	55.0	4.0	9.0
Weapon_SRM_SRM6_STREAK_CLAN_1+ 2 Dmg., Ignores 2 Evasion, + 2 Acc.- 3 Heat	Missile	SRM	SRM6	10.0	2.5	9.0
Weapon_MachineGun_MachineGun_CLAN_HEAVY_1+ 3 Dmg.	AntiPersonnel	MachineGun	MachineGun	7.0	0.5	0.0
Weapon_Autocannon_AC2_LBX_CLAN_2+ 2 Dmg.- 1 Ton	Ballistic	Autocannon	LB2X	6.0	4.0	2.0
Weapon_HyperGauss_HAG30_2+ 20% Crit.+ 4 Acc.	Ballistic	Gauss	Gauss	55.0	13.0	15.0
Weapon_SilverBulletSpecial_1+ 10 Dmg.- 1 Ton	Ballistic	Gauss	Gauss	90.0	14.0	12.0
Weapon_PPC_PPC_HEAVY_2+ 40 Dmg.+ 20 Stb.Dmg.	Energy	PPC	PPC	120.0	10.0	45.0
Weapon_Laser_LargeLaserPulse_X_1+10 Dmg.	Energy	Laser	LargeLaserPulse	70.0	7.0	40.0
Weapon_SRM_SRM6_STREAK_CLAN_2+ 2 Dmg., Ignores 2 Evasion, + 2 Acc.- 3 Heat, - 1 Ton	Missile	SRM	SRM6	10.0	2.0	9.0
Weapon_Laser_HeavySmallLaser_CLAN_IMPROVED_1- 3 Heat	AntiPersonnel	Laser	SmallLaserER	40.0	0.5	12.0
Weapon_Thunderbolt_5_2+ 10 Dmg.	Missile	LRM	LRM5	60.0	4.0	9.0
Weapon_HyperGauss_HAG30_1+ 10% Crit.+ 2 Acc.	Ballistic	Gauss	Gauss	55.0	13.0	15.0
Weapon_Autocannon_AC2_LBX_CLAN_1+ 2 Dmg.- 0.5 Tons	Ballistic	Autocannon	LB2X	6.0	4.5	2.0
Weapon_MachineGun_MachineGun_CLAN_HEAVY_2+ 6 Dmg.+ 60m Range	AntiPersonnel	MachineGun	MachineGun	10.0	0.5	0.0
Weapon_SilverBulletSpecial_2+ 20 Dmg.- 1 Ton, - 1 Slot	Ballistic	Gauss	Gauss	100.0	14.0	12.0
Weapon_PPC_PPC_HEAVY_1+ 20 Dmg.+ 10 Stb.Dmg.	Energy	PPC	PPC	100.0	10.0	45.0
Weapon_Laser_LargeLaserPulse_X_2+20 Dmg.	Energy	Laser	LargeLaserPulse	80.0	7.0	40.0
Weapon_ATM_IATM9_2+ 2 Stb.Dmg.+ 100m Range	Missile	LRM	LRM15	14.0	5.0	20.0
Weapon_Autocannon_AC5_CLAN_2+ 10 Damage- 2 Recoil	Ballistic	Autocannon	UAC5	55.0	7.0	16.0
Weapon_Autocannon_AC2_CLAN_1+ 10 Dmg.- 0.5 Tons	Ballistic	Autocannon	UAC2	35.0	4.5	8.0
Weapon_MML-3_2+ 4 Dmg.+ 3 Stb.Dmg.	Missile	LRM	LRM5	10.0	1.5	6.0
Weapon_SRM_SRM2_STREAK_2+4 Dmg., Ignores 2 Evasion, + 2 Acc.- 0.5 Tons	Missile	SRM	SRM2	12.0	1.0	4.0
Weapon_MRM_10-2+ 1 Stb.Dmg.- 1 Heat, - 1 Ton	Missile	LRM	LRM5	4.0	2.0	5.0
Weapon_SRM_SRM4_Clantech_3+ 2 Dmg., + 1 Stb.Dmg.- 2 Heat	Missile	SRM	SRM4	10.0	1.0	6.0
Weapon_Autocannon_AC10_LBX_CLAN_1+ 4 Dmg.+ 2 Stb.Dmg.	Ballistic	Autocannon	LB10X	14.0	10.0	10.0
Weapon_SRM_SRM6_Clantech_1+ 2 Dmg.	Missile	SRM	SRM6	10.0	1.5	12.0
Weapon_SRM_SRM6_STREAK_2+ 4 Dmg., Ignores 2 Evasion, + 2 Acc.- 1 Ton	Missile	SRM	SRM6	12.0	3.5	12.0
Weapon_LRM_LRM20_Clantech_2+ 1 Dmg., + 1 Stb.Dmg.- 4 Heat	Missile	LRM	LRM20	5.0	5.0	14.0
Weapon_LRM_ATM9_CLAN_1+ 1 Stb.Dmg.	Missile	LRM	LRM15	12.0	5.0	20.0
Weapon_SRM_SRM4_Clantech_2+ 2 Dmg.- 2 Heat	Missile	SRM	SRM4	10.0	1.0	6.0
Weapon_SRM_SRM4_STREAK_CLAN_1+ 2 Dmg., Ignores 2 Evasion, + 2 Acc.- 2 Heat	Missile	SRM	SRM4	10.0	2.0	6.0
Weapon_MRM_10-3+ 1.5 Stb.Dmg.- 1 Heat, - 1 Ton	Missile	LRM	LRM5	4.0	2.0	5.0
Weapon_Laser_MediumLaserPulse_X_1+ 5 Dmg.- 3 Heat	Energy	Laser	MediumLaserPulse	45.0	2.0	22.0
Weapon_Laser_SmallLaserER_Clantech_1+ 5 Dmg.	AntiPersonnel	Laser	SmallLaserER	35.0	0.5	10.0
Weapon_Laser_MediumLaserPulse_Clantech_2+ 10 Dmg.- 4 Heat	Energy	Laser	MediumLaserPulse	55.0	2.0	16.0
Weapon_Thunderbolt_20_1+ 20 Dmg.- 1 Ton	Missile	LRM	LRM5	145.0	16.0	24.0
Weapon_Laser_VSMLaser_1+ 5 Dmg.- 5 Heat	Energy	Laser	MediumLaserPulse	40.0	4.0	30.0
Weapon_SRM_SRM4_STREAK_1+ 2 Dmg., Ignores 2 Evasion, + 2 Acc.	Missile	SRM	SRM4	10.0	3.0	8.0
Weapon_Laser_LargeLaserPulse_Clantech_1+ 10 Dmg.- 5 Heat	Energy	Laser	LargeLaserPulse	70.0	6.0	25.0
Weapon_Autocannon_AC5_LBX_CLAN_1+ 2 Dmg.+ 4 Stb.Dmg.	Ballistic	Autocannon	LB5X	8.0	7.0	6.0
Weapon_HyperGauss_HAG20_1+ 10% Crit.+ 2 Acc.	Ballistic	Gauss	Gauss	45.0	10.0	10.0
Weapon_LRM_LRM15_Clantech_2+ 1 Dmg., + 1 Stb.Dmg.- 3 Heat	Missile	LRM	LRM15	5.0	3.5	11.0
Weapon_LRM_LRM10_Clantech_1+ 1 Dmg.- 2 Heat	Missile	LRM	LRM10	5.0	2.5	8.0
Weapon_LRM_LRM5_Clantech_1+ 1 Dmg.- 1 Heat	Missile	LRM	LRM5	5.0	1.0	5.0
Weapon_MachineGun_MachineGun_CLAN_1+ 2 Dmg.- 0.25 Ton	AntiPersonnel	MachineGun	MachineGun	5.0	0.0	0.0
Weapon_Autocannon_AC20_LBX_CLAN_2+ 10 Dmg.+ 4 Stb.Dmg.	Ballistic	Autocannon	LB20X	30.0	12.0	20.0
Weapon_SRM_SRM2_Clantech_3+ 2 Dmg., + 1 Stb.Dmg.- 1 Heat	Missile	SRM	SRM2	10.0	0.5	3.0
Weapon_RotaryAutocannon_RAC2_2- 8 Heat- 1 Ton	Ballistic	Autocannon	AC5	25.0	7.0	16.0
Weapon_MRM_20-2+ 1 Stb.Dmg.- 3 Heat, - 1.5 Tons	Missile	LRM	LRM10	4.0	5.5	9.0
Weapon_PPC_PPC_LIGHT_1+ 10 Dmg.1 Evasion Ignore	Energy	PPC	PPC	35.0	3.0	15.0
Weapon_Laser_LargeLaserERPulse_1+ 10 Dmg.	Energy	Laser	LargeLaserPulse	70.0	6.0	35.0
Weapon_MachineGun_MachineGun_CLAN_LIGHT_2+ 4 Dmg.- 0.25 Ton	AntiPersonnel	MachineGun	MachineGun	6.0	0.0	0.0
Weapon_MML-5_2+ 4 Dmg.+ 3 Stb.Dmg.	Missile	LRM	LRM10	10.0	3.0	9.0
Weapon_Laser_HeavyMediumLaser_CLAN_IMPROVED_1-5 Heat	Energy	Laser	MediumLaserER	50.0	1.0	25.0
Weapon_ATM_IATM6_1+ 2 Stb.Dmg.	Missile	LRM	LRM10	14.0	3.5	15.0
Weapon_MRM_30-3+ 1.5 Stb.Dmg.- 4 Heat, - 3 Tons	Missile	LRM	LRM15	4.0	7.0	11.0
Weapon_ATM_IATM3_2+ 2 Stb.Dmg.+ 100m Range	Missile	LRM	LRM5	14.0	1.5	10.0
Weapon_MML-9_2+ 4 Dmg.+ 3 Stb.Dmg.	Missile	LRM	LRM20	10.0	6.0	15.0
Weapon_Laser_SmallLaserPulse_Clantech_2+ 10 Dmg.- 2 Heat	AntiPersonnel	Laser	SmallLaserPulse	45.0	1.0	10.0
Weapon_LRM_ATM3_CLAN_1+ 1 Stb.Dmg.	Missile	LRM	LRM5	12.0	1.5	10.0
Weapon_SRM_SRM2_STREAK_CLAN_1+ 2 Dmg., Ignores 2 Evasion, + 2 Acc.- 1 Heat	Missile	SRM	SRM2	10.0	1.0	3.0
Weapon_Autocannon_AC10_CLAN_2+ 20 Dmg.+ 10 Stb.Dmg.	Ballistic	Autocannon	UAC10	80.0	10.0	18.0
Weapon_LRM_ATM12_CLAN_2+ 1 Stb.Dmg.+ 2 Acc.	Missile	LRM	LRM20	12.0	7.0	25.0
Weapon_PPC_PPCER_CLAN_1- 5 Heat	Energy	PPC	PPCER	80.0	6.0	40.0
Weapon_ATM_IATM12_1+ 2 Stb.Dmg.	Missile	LRM	LRM20	14.0	7.0	25.0
Weapon_Gauss_Gauss_Clantech_1+ 20 Dmg.- 1 Ton	Ballistic	Gauss	Gauss	95.0	11.0	5.0
Weapon_Laser_MediumLaserER_Clantech_2+ 5 Dmg.- 5 Heat	Energy	Laser	MediumLaserER	45.0	1.0	15.0
Weapon_Laser_LargeLaserER_Clantech_2+ 5 Dmg.- 5 Heat	Energy	Laser	LargeLaserER	60.0	4.0	20.0
Weapon_Thunderbolt_15_2+ 30 Dmg.- 2 Tons	Missile	LRM	LRM5	120.0	11.0	21.0
Weapon_Laser_MediumLaserERPulse_2+ 10 Dmg.- 4 Heat	Energy	Laser	MediumLaserPulse	55.0	2.0	18.0
Weapon_Gauss_HeavyGaussV3+ 40 Dmg., + 20 Stb.Dmg.- 3 Tons, - 3 Slots	Ballistic	Gauss	Gauss	180.0	15.0	10.0
Weapon_HyperGauss_HAG40_2+ 20% Crit.+ 4 Acc.	Ballistic	Gauss	Gauss	65.0	16.0	15.0
Weapon_Thunderbolt_10_1+ 10 Dmg.- 0.5 Tons	Missile	LRM	LRM5	75.0	7.5	15.0
Weapon_Autocannon_AC20_CLAN_1+ 20 Dmg.- 2 Recoil	Ballistic	Autocannon	UAC20	120.0	12.0	40.0
Weapon_RotaryAutocannon_RAC5_1+ 2.5 Stb.Dmg.- 4 Heat	Ballistic	Autocannon	AC5	45.0	10.0	44.0
Weapon_Laser_VSSLaser_2+ 10 Dmg.- 3 Heat	AntiPersonnel	Laser	SmallLaserPulse	35.0	2.0	22.0
Weapon_MRM_30-2+ 1 Stb.Dmg.- 4 Heat, - 2 Tons	Missile	LRM	LRM15	4.0	8.0	11.0
Weapon_LRM_ATM6_CLAN_1+ 1 Stb.Dmg.	Missile	LRM	LRM10	12.0	3.5	15.0
Weapon_Laser_VSLLaser_2+ 10 Dmg.- 5 Heat	Energy	Laser	LargeLaserPulse	55.0	9.0	35.0
Weapon_Laser_HeavyLargeLaser_CLAN_IMPROVED_2- 5 Heat- 1 Slot	Energy	Laser	LargeLaserER	75.0	4.0	30.0
Weapon_MML-7_2+ 4 Dmg.+ 3 Stb.Dmg.	Missile	LRM	LRM15	10.0	4.5	12.0
Weapon_SRM_SRM2_Clantech_2+ 2 Dmg.- 1 Heat	Missile	SRM	SRM2	10.0	0.5	3.0
Weapon_MRM_20-3+ 1.5 Stb.Dmg.- 3 Heat, - 2 Tons	Missile	LRM	LRM10	4.0	5.0	9.0
